<?xml version="1.0" encoding="UTF-8"?>
<project-private xmlns="http://www.netbeans.org/ns/project-private/1">
    <editor-bookmarks xmlns="http://www.netbeans.org/ns/editor-bookmarks/2" lastBookmarkId="0"/>
    <open-files xmlns="http://www.netbeans.org/ns/projectui-open-files/2">
        <group>
            <file>file:/C:/Users/KARTHI%20RAAM/Documents/NetBeansProjects/Tribal%20Marketing/web/customerwide.jsp</file>
            <file>file:/C:/Users/KARTHI%20RAAM/Documents/NetBeansProjects/Tribal%20Marketing/web/painting.jsp</file>
            <file>file:/C:/Users/KARTHI%20RAAM/Documents/NetBeansProjects/Tribal%20Marketing/web/cart.jsp</file>
        </group>
    </open-files>
</project-private>
